<?xml version="1.0" encoding="utf-8"?>
<install type="module" version="1.5">
	<name>Rquotes - jQuery Rotator</name>
	<author>Chris Pappas, based on work by Kevin Burke</author>
	<creationDate>2011-02-10</creationDate>
	<copyright>(C) 2011 Hep Communications</copyright>
	<license>GPL2</license>
	<authorEmail>cpappas@hepcom.ca</authorEmail>
	<authorUrl>www.hepcommunications.com</authorUrl>
	<version>1.5.4</version>
	<description>notes</description>
	
	
	<files>
		<filename module="mod_rquotes_hepcom">mod_rquotes_hepcom.php</filename>
		<filename>index.html</filename>
		<filename>helper.php</filename>
		<filename>tmpl/_rquote.php</filename>
		<filename>tmpl/jquery.php</filename>
		<filename>tmpl/bold.php</filename>
		<filename>tmpl/italic.php</filename>
		<filename>tmpl/default.php</filename>
		<filename>tmpl/index.html</filename>
		<filename>tmpl/textfile.php</filename>
		<filename>mod_rquotes/rquotes.txt</filename>
		<filename>mod_rquotes/daily_example.txt</filename>
		<folder>elements</folder>
		<folder>assets</folder>
	</files>
  <languages folder="languages">
	  <language tag="en-GB">en-GB.mod_rquotes_hepcom.ini</language>
  </languages>
	
  <params addPath="/modules/mod_rquotes_hepcom/elements">
	  <param name="source" type="list"  default="text" label="quote_source" description="text_file_or_db">
			  <option value="text">text_file</option>
			  <option value="db">DB</option>
	  </param>
    <param type="spacer" default="" />

	  <param type="spacer" default="text_file_params" />
   
	  <param name="filename" type="filelist" default="rquotes.txt" label="select_text_file" description="select_filename" directory="modules/mod_rquotes/mod_rquotes" filter="" exclude="" stripext="" hide_default='true' hide_none='true'/>

	  <param name="randomtext" type="radio" default="0" label="rotate_quote" description="choose_rotate_method" >
      <option value ="1">daily_text</option>
      <option value ="0">random_text</option>
    </param>
	
    <param type="spacer" default="" />

	  <param type="spacer" default="db_params" />

    <param name="category" type="sqlmultilistx" sql="SELECT * FROM #__categories WHERE published ='1' AND section ='com_rquotes'" key_field="id" value_field="title" default="" multiple="multiple" label="Select one or more items" description="Use Ctrl-click to select more than one item.">
      <!--      <option value="-1">All</option>  -->
    </param>

	  <param name="rotate" type="list" default="single_random" label="rotate_quote" description="daily_reload_sequential" >
		  <option value="all_jquery">all_jquery</option>
		  <option value ="single_random">single_random</option>
		  <option value ="multiple_random">multiple_random</option>
		  <option value ="sequential">sequential</option>
		  <option value ="daily">db_daily</option>
		  <option value ="weekly">db_weekly</option>
		  <option value ="monthly">db_monthly</option>
		  <option value ="yearly">db_yearly</option>
    </param>

	  <param name="num_of_random" type="text" default="2" label="num_random_quotes" description="num_of_random" />
		
	  <param name="num_per_block" type="text" default="1" label="num_per_block" description="num_per_block_desc" />
		
	  <param name="display_duration" type="text" default="5000" label="display_duration" description="display_duration_desc" />
		
	  <param name="container_classname" type="text" default="mod_rquotes_container" label="container_classname" description="container_classname_desc" />

	  <param name="@spacer" type="spacer" default="rotate_note" label="" description="" />
	  <param type="spacer" default="" />

	  <param name="style" type="list" default="jquery" label="display" description="display_style">		
		  <option value="jquery">jQuery</option>
		  <option value="default">Default</option>
		  <option value="bold">Bold</option>
		  <option value="italic">Italic</option>
	  </param>

  	<param name="max_quote_chars" type="text" default="" label="max_quote_chars" description="max_quote_chars_desc" />

	  <param name="quotemarks" type="radio" default="0" label="display_quotation_marks" description="quotation_marks">
		  <option value="1">Yes</option>
		  <option value="0">No</option>
	  </param>

	  <param name="strip_tags" type="list" default="0" label="strip_tags" description="strip_tags_desc">
		  <option value="1">Yes</option>
		  <option value="0">No</option>
	  </param>
			
	  <param name="allowed_tags" type="text" default="" label="allowed_tags" description="allowed_tags_description" />
			
	  <param name="moduleclass_sfx" type="text" default="" label="Module Class Suffix" description="PARAMMODULECLASSSUFFIX" />
		
	  <param name="tablecreated" type="hidden" default="0" />

  </params>
</install>
